Sample in Buffer,Sample in Window,TRIGGER,i_system_wrapper/system_i/acq_data_fifo_m_axis_tvalid,i_system_wrapper/system_i/acq_l1_data_slice_Dout[15:0],i_system_wrapper/system_i/acq_l5_data_slice_Dout[15:0],i_system_wrapper/system_i/trk_data_fifo_m_axis_tdata[31:0],i_system_wrapper/system_i/trk_data_fifo_m_axis_tvalid
Radix - UNSIGNED,UNSIGNED,UNSIGNED,HEX,HEX,HEX,HEX,HEX
0,0,0,0,f9f8,ffff,00020d0f,1
1,1,0,0,f9f8,ffff,00020d0f,0
2,2,0,0,f9f8,ffff,00020d0f,0
3,3,0,0,f9f8,ffff,00020d0f,0
4,4,0,0,f9f8,ffff,00020d0f,0
5,5,0,0,f9f8,ffff,02ff0b14,1
6,6,0,0,f9f8,ffff,02ff0b14,0
7,7,0,0,f9f8,ffff,02ff0b14,0
8,8,0,0,f9f8,ffff,02ff0b14,0
9,9,0,0,f9f8,ffff,00010e11,1
10,10,0,0,f9f8,ffff,00010e11,0
11,11,0,0,f9f8,ffff,00010e11,0
12,12,0,0,f9f8,ffff,00010e11,0
13,13,0,0,f9f8,ffff,00010e11,0
14,14,0,0,f9f8,ffff,05ff0f11,1
15,15,0,0,f9f8,ffff,05ff0f11,0
16,16,0,0,f9f8,ffff,05ff0f11,0
17,17,0,0,f9f8,ffff,05ff0f11,0
18,18,0,0,f9f8,ffff,fefe0b11,1
19,19,0,0,f9f8,ffff,fefe0b11,0
20,20,0,0,f9f8,ffff,fefe0b11,0
21,21,0,0,f9f8,ffff,fefe0b11,0
22,22,0,0,f9f8,ffff,fefe0b11,0
23,23,0,0,f9f8,ffff,00000e14,1
24,24,0,0,f9f8,ffff,00000e14,0
25,25,0,0,f9f8,ffff,00000e14,0
26,26,0,0,f9f8,ffff,00000e14,0
27,27,0,0,f9f8,ffff,00000e14,0
28,28,0,0,f9f8,ffff,fffe0c12,1
29,29,0,0,f9f8,ffff,fffe0c12,0
30,30,0,0,f9f8,ffff,fffe0c12,0
31,31,0,0,f9f8,ffff,fffe0c12,0
32,32,0,0,f9f8,ffff,01010912,1
33,33,0,0,f9f8,ffff,01010912,0
34,34,0,0,f9f8,ffff,01010912,0
35,35,0,0,f9f8,ffff,01010912,0
36,36,0,0,f9f8,ffff,01010912,0
37,37,0,1,f8f6,ffff,00020c10,1
38,38,0,0,f8f6,ffff,00020c10,0
39,39,0,0,f8f6,ffff,00020c10,0
40,40,0,0,f8f6,ffff,00020c10,0
41,41,0,0,f8f6,ffff,ff000c17,1
42,42,0,0,f8f6,ffff,ff000c17,0
43,43,0,0,f8f6,ffff,ff000c17,0
44,44,0,0,f8f6,ffff,ff000c17,0
45,45,0,0,f8f6,ffff,ff000c17,0
46,46,0,0,f8f6,ffff,00fe0e14,1
47,47,0,0,f8f6,ffff,00fe0e14,0
48,48,0,0,f8f6,ffff,00fe0e14,0
49,49,0,0,f8f6,ffff,00fe0e14,0
50,50,0,0,f8f6,ffff,02ff0f15,1
51,51,0,0,f8f6,ffff,02ff0f15,0
52,52,0,0,f8f6,ffff,02ff0f15,0
53,53,0,0,f8f6,ffff,02ff0f15,0
54,54,0,0,f8f6,ffff,02ff0f15,0
55,55,0,0,f8f6,ffff,02ff0d0d,1
56,56,0,0,f8f6,ffff,02ff0d0d,0
57,57,0,0,f8f6,ffff,02ff0d0d,0
58,58,0,0,f8f6,ffff,02ff0d0d,0
59,59,0,0,f8f6,ffff,02ff0d0d,0
60,60,0,0,f8f6,ffff,02040c13,1
61,61,0,0,f8f6,ffff,02040c13,0
62,62,0,0,f8f6,ffff,02040c13,0
63,63,0,0,f8f6,ffff,02040c13,0
64,64,0,0,f8f6,ffff,00fd0d10,1
65,65,0,0,f8f6,ffff,00fd0d10,0
66,66,0,0,f8f6,ffff,00fd0d10,0
67,67,0,0,f8f6,ffff,00fd0d10,0
68,68,0,0,f8f6,ffff,00fd0d10,0
69,69,0,0,f8f6,ffff,ff010b16,1
70,70,0,0,f8f6,ffff,ff010b16,0
71,71,0,0,f8f6,ffff,ff010b16,0
72,72,0,0,f8f6,ffff,ff010b16,0
73,73,0,0,f8f6,ffff,ffff0b11,1
74,74,0,0,f8f6,ffff,ffff0b11,0
75,75,0,0,f8f6,ffff,ffff0b11,0
76,76,0,0,f8f6,ffff,ffff0b11,0
77,77,0,0,f8f6,ffff,ffff0b11,0
78,78,0,0,f8f6,ffff,02000f16,1
79,79,0,0,f8f6,ffff,02000f16,0
80,80,0,0,f8f6,ffff,02000f16,0
81,81,0,0,f8f6,ffff,02000f16,0
82,82,0,0,f8f6,ffff,0102fdf9,1
83,83,0,0,f8f6,ffff,0102fdf9,0
84,84,0,0,f8f6,ffff,0102fdf9,0
85,85,0,0,f8f6,ffff,0102fdf9,0
86,86,0,0,f8f6,ffff,0102fdf9,0
87,87,0,0,f8f6,ffff,fe03f1ec,1
88,88,0,0,f8f6,ffff,fe03f1ec,0
89,89,0,0,f8f6,ffff,fe03f1ec,0
90,90,0,0,f8f6,ffff,fe03f1ec,0
91,91,0,0,f8f6,ffff,fe03f1ec,0
92,92,0,0,f8f6,ffff,02fdf1ed,1
93,93,0,0,f8f6,ffff,02fdf1ed,0
94,94,0,0,f8f6,ffff,02fdf1ed,0
95,95,0,0,f8f6,ffff,02fdf1ed,0
96,96,0,0,f8f6,ffff,0000f3ea,1
97,97,0,0,f8f6,ffff,0000f3ea,0
98,98,0,0,f8f6,ffff,0000f3ea,0
99,99,0,0,f8f6,ffff,0000f3ea,0
100,100,0,0,f8f6,ffff,0000f3ea,0
101,101,0,0,f8f6,ffff,ff02f2e9,1
102,102,0,0,f8f6,ffff,ff02f2e9,0
103,103,0,0,f8f6,ffff,ff02f2e9,0
104,104,0,0,f8f6,ffff,ff02f2e9,0
105,105,0,0,f8f6,ffff,fdfef2ec,1
106,106,0,0,f8f6,ffff,fdfef2ec,0
107,107,0,0,f8f6,ffff,fdfef2ec,0
108,108,0,0,f8f6,ffff,fdfef2ec,0
109,109,0,0,f8f6,ffff,fdfef2ec,0
110,110,0,0,f8f6,ffff,0000edeb,1
111,111,0,0,f8f6,ffff,0000edeb,0
112,112,0,0,f8f6,ffff,0000edeb,0
113,113,0,0,f8f6,ffff,0000edeb,0
114,114,0,0,f8f6,ffff,fefdf3ed,1
115,115,0,0,f8f6,ffff,fefdf3ed,0
116,116,0,0,f8f6,ffff,fefdf3ed,0
117,117,0,0,f8f6,ffff,fefdf3ed,0
118,118,0,0,f8f6,ffff,fefdf3ed,0
119,119,0,0,f8f6,ffff,0101f5ea,1
120,120,0,0,f8f6,ffff,0101f5ea,0
121,121,0,0,f8f6,ffff,0101f5ea,0
122,122,0,0,f8f6,ffff,0101f5ea,0
123,123,0,0,f8f6,ffff,0101f5ea,0
124,124,0,0,f8f6,ffff,fd00f1ee,1
125,125,0,0,f8f6,ffff,fd00f1ee,0
126,126,0,0,f8f6,ffff,fd00f1ee,0
127,127,0,0,f8f6,ffff,fd00f1ee,0
128,128,0,1,f8f6,ffff,00fff4eb,1
129,129,0,0,f8f6,ffff,00fff4eb,0
130,130,0,0,f8f6,ffff,00fff4eb,0
131,131,0,0,f8f6,ffff,00fff4eb,0
132,132,0,0,f8f6,ffff,00fff4eb,0
133,133,0,0,f8f6,ffff,0101f3ed,1
134,134,0,0,f8f6,ffff,0101f3ed,0
135,135,0,0,f8f6,ffff,0101f3ed,0
136,136,0,0,f8f6,ffff,0101f3ed,0
137,137,0,0,f8f6,ffff,0000f2ec,1
138,138,0,0,f8f6,ffff,0000f2ec,0
139,139,0,0,f8f6,ffff,0000f2ec,0
140,140,0,0,f8f6,ffff,0000f2ec,0
141,141,0,0,f8f6,ffff,0000f2ec,0
142,142,0,0,f8f6,ffff,0200f5f0,1
143,143,0,0,f8f6,ffff,0200f5f0,0
144,144,0,0,f8f6,ffff,0200f5f0,0
145,145,0,0,f8f6,ffff,0200f5f0,0
146,146,0,0,f8f6,ffff,01fef3e9,1
147,147,0,0,f8f6,ffff,01fef3e9,0
148,148,0,0,f8f6,ffff,01fef3e9,0
149,149,0,0,f8f6,ffff,01fef3e9,0
150,150,0,0,f8f6,ffff,01fef3e9,0
151,151,0,0,f8f6,ffff,ff01f3ed,1
152,152,0,0,f8f6,ffff,ff01f3ed,0
153,153,0,0,f8f6,ffff,ff01f3ed,0
154,154,0,0,f8f6,ffff,ff01f3ed,0
155,155,0,0,f8f6,ffff,ff01f3ed,0
156,156,0,0,f8f6,ffff,fffef4ea,1
157,157,0,0,f8f6,ffff,fffef4ea,0
158,158,0,0,f8f6,ffff,fffef4ea,0
159,159,0,0,f8f6,ffff,fffef4ea,0
160,160,0,0,f8f6,ffff,0101f1ed,1
161,161,0,0,f8f6,ffff,0101f1ed,0
162,162,0,0,f8f6,ffff,0101f1ed,0
163,163,0,0,f8f6,ffff,0101f1ed,0
164,164,0,0,f8f6,ffff,0101f1ed,0
165,165,0,0,f8f6,ffff,0200f1ec,1
166,166,0,0,f8f6,ffff,0200f1ec,0
167,167,0,0,f8f6,ffff,0200f1ec,0
168,168,0,0,f8f6,ffff,0200f1ec,0
169,169,0,0,f8f6,ffff,fe02f2ec,1
170,170,0,0,f8f6,ffff,fe02f2ec,0
171,171,0,0,f8f6,ffff,fe02f2ec,0
172,172,0,0,f8f6,ffff,fe02f2ec,0
173,173,0,0,f8f6,ffff,fe02f2ec,0
174,174,0,0,f8f6,ffff,ff01f1ee,1
175,175,0,0,f8f6,ffff,ff01f1ee,0
176,176,0,0,f8f6,ffff,ff01f1ee,0
177,177,0,0,f8f6,ffff,ff01f1ee,0
178,178,0,0,f8f6,ffff,ff01f1ee,0
179,179,0,0,f8f6,ffff,ff02f1ee,1
180,180,0,0,f8f6,ffff,ff02f1ee,0
181,181,0,0,f8f6,ffff,ff02f1ee,0
182,182,0,0,f8f6,ffff,ff02f1ee,0
183,183,0,0,f8f6,ffff,01fff3e9,1
184,184,0,0,f8f6,ffff,01fff3e9,0
185,185,0,0,f8f6,ffff,01fff3e9,0
186,186,0,0,f8f6,ffff,01fff3e9,0
187,187,0,0,f8f6,ffff,01fff3e9,0
188,188,0,0,f8f6,ffff,0202f4ef,1
189,189,0,0,f8f6,ffff,0202f4ef,0
190,190,0,0,f8f6,ffff,0202f4ef,0
191,191,0,0,f8f6,ffff,0202f4ef,0
192,192,0,0,f8f6,ffff,0100f4e8,1
193,193,0,0,f8f6,ffff,0100f4e8,0
194,194,0,0,f8f6,ffff,0100f4e8,0
195,195,0,0,f8f6,ffff,0100f4e8,0
196,196,0,0,f8f6,ffff,0100f4e8,0
197,197,0,0,f8f6,ffff,0001f1ee,1
198,198,0,0,f8f6,ffff,0001f1ee,0
199,199,0,0,f8f6,ffff,0001f1ee,0
200,200,0,0,f8f6,ffff,0001f1ee,0
201,201,0,0,f8f6,ffff,fd01eeef,1
202,202,0,0,f8f6,ffff,fd01eeef,0
203,203,0,0,f8f6,ffff,fd01eeef,0
204,204,0,0,f8f6,ffff,fd01eeef,0
205,205,0,0,f8f6,ffff,fd01eeef,0
206,206,0,0,f8f6,ffff,fefef5ec,1
207,207,0,0,f8f6,ffff,fefef5ec,0
208,208,0,0,f8f6,ffff,fefef5ec,0
209,209,0,0,f8f6,ffff,fefef5ec,0
210,210,0,0,f8f6,ffff,fefef5ec,0
211,211,0,0,f8f6,ffff,00fff5eb,1
212,212,0,0,f8f6,ffff,00fff5eb,0
213,213,0,0,f8f6,ffff,00fff5eb,0
214,214,0,0,f8f6,ffff,00fff5eb,0
215,215,0,0,f8f6,ffff,00fdf4ec,1
216,216,0,0,f8f6,ffff,00fdf4ec,0
217,217,0,0,f8f6,ffff,00fdf4ec,0
218,218,0,0,f8f6,ffff,00fdf4ec,0
219,219,0,0,f8f6,ffff,00fdf4ec,0
220,220,0,1,faf7,ff00,0002f3ea,1
221,221,0,0,faf7,ff00,0002f3ea,0
222,222,0,0,faf7,ff00,0002f3ea,0
223,223,0,0,faf7,ff00,0002f3ea,0
224,224,0,0,faf7,ff00,fffff1f1,1
225,225,0,0,faf7,ff00,fffff1f1,0
226,226,0,0,faf7,ff00,fffff1f1,0
227,227,0,0,faf7,ff00,fffff1f1,0
228,228,0,0,faf7,ff00,fffff1f1,0
229,229,0,0,faf7,ff00,0100f7eb,1
230,230,0,0,faf7,ff00,0100f7eb,0
231,231,0,0,faf7,ff00,0100f7eb,0
232,232,0,0,faf7,ff00,0100f7eb,0
233,233,0,0,faf7,ff00,fc01f6ed,1
234,234,0,0,faf7,ff00,fc01f6ed,0
235,235,0,0,faf7,ff00,fc01f6ed,0
236,236,0,0,faf7,ff00,fc01f6ed,0
237,237,0,0,faf7,ff00,fc01f6ed,0
238,238,0,0,faf7,ff00,03fef2ee,1
239,239,0,0,faf7,ff00,03fef2ee,0
240,240,0,0,faf7,ff00,03fef2ee,0
241,241,0,0,faf7,ff00,03fef2ee,0
242,242,0,0,faf7,ff00,03fef2ee,0
243,243,0,0,faf7,ff00,fdfef3ef,1
244,244,0,0,faf7,ff00,fdfef3ef,0
245,245,0,0,faf7,ff00,fdfef3ef,0
246,246,0,0,faf7,ff00,fdfef3ef,0
247,247,0,0,faf7,ff00,fefff3eb,1
248,248,0,0,faf7,ff00,fefff3eb,0
249,249,0,0,faf7,ff00,fefff3eb,0
250,250,0,0,faf7,ff00,fefff3eb,0
251,251,0,0,faf7,ff00,fefff3eb,0
252,252,0,0,faf7,ff00,02fef2ef,1
253,253,0,0,faf7,ff00,02fef2ef,0
254,254,0,0,faf7,ff00,02fef2ef,0
255,255,0,0,faf7,ff00,02fef2ef,0
256,256,0,0,faf7,ff00,0004f4ea,1
257,257,0,0,faf7,ff00,0004f4ea,0
258,258,0,0,faf7,ff00,0004f4ea,0
259,259,0,0,faf7,ff00,0004f4ea,0
260,260,0,0,faf7,ff00,0004f4ea,0
261,261,0,0,faf7,ff00,0104f2ee,1
262,262,0,0,faf7,ff00,0104f2ee,0
263,263,0,0,faf7,ff00,0104f2ee,0
264,264,0,0,faf7,ff00,0104f2ee,0
265,265,0,0,faf7,ff00,ff01f5ec,1
266,266,0,0,faf7,ff00,ff01f5ec,0
267,267,0,0,faf7,ff00,ff01f5ec,0
268,268,0,0,faf7,ff00,ff01f5ec,0
269,269,0,0,faf7,ff00,ff01f5ec,0
270,270,0,0,faf7,ff00,01fef4ee,1
271,271,0,0,faf7,ff00,01fef4ee,0
272,272,0,0,faf7,ff00,01fef4ee,0
273,273,0,0,faf7,ff00,01fef4ee,0
274,274,0,0,faf7,ff00,01fef4ee,0
275,275,0,0,faf7,ff00,00fff5eb,1
276,276,0,0,faf7,ff00,00fff5eb,0
277,277,0,0,faf7,ff00,00fff5eb,0
278,278,0,0,faf7,ff00,00fff5eb,0
279,279,0,0,faf7,ff00,0001f4ea,1
280,280,0,0,faf7,ff00,0001f4ea,0
281,281,0,0,faf7,ff00,0001f4ea,0
282,282,0,0,faf7,ff00,0001f4ea,0
283,283,0,0,faf7,ff00,0001f4ea,0
284,284,0,0,faf7,ff00,fe01f5ed,1
285,285,0,0,faf7,ff00,fe01f5ed,0
286,286,0,0,faf7,ff00,fe01f5ed,0
287,287,0,0,faf7,ff00,fe01f5ed,0
288,288,0,0,faf7,ff00,ff00f2ed,1
289,289,0,0,faf7,ff00,ff00f2ed,0
290,290,0,0,faf7,ff00,ff00f2ed,0
291,291,0,0,faf7,ff00,ff00f2ed,0
292,292,0,0,faf7,ff00,ff00f2ed,0
293,293,0,0,faf7,ff00,00fef5eb,1
294,294,0,0,faf7,ff00,00fef5eb,0
295,295,0,0,faf7,ff00,00fef5eb,0
296,296,0,0,faf7,ff00,00fef5eb,0
297,297,0,0,faf7,ff00,00fef5eb,0
298,298,0,0,faf7,ff00,ff01f4ed,1
299,299,0,0,faf7,ff00,ff01f4ed,0
300,300,0,0,faf7,ff00,ff01f4ed,0
301,301,0,0,faf7,ff00,ff01f4ed,0
302,302,0,0,faf7,ff00,0002f9ea,1
303,303,0,0,faf7,ff00,0002f9ea,0
304,304,0,0,faf7,ff00,0002f9ea,0
305,305,0,0,faf7,ff00,0002f9ea,0
306,306,0,0,faf7,ff00,0002f9ea,0
307,307,0,0,faf7,ff00,fe01f4ec,1
308,308,0,0,faf7,ff00,fe01f4ec,0
309,309,0,0,faf7,ff00,fe01f4ec,0
310,310,0,0,faf7,ff00,fe01f4ec,0
311,311,0,1,0507,ff00,01fff0ec,1
312,312,0,0,0507,ff00,01fff0ec,0
313,313,0,0,0507,ff00,01fff0ec,0
314,314,0,0,0507,ff00,01fff0ec,0
315,315,0,0,0507,ff00,01fff0ec,0
316,316,0,0,0507,ff00,0000f5ee,1
317,317,0,0,0507,ff00,0000f5ee,0
318,318,0,0,0507,ff00,0000f5ee,0
319,319,0,0,0507,ff00,0000f5ee,0
320,320,0,0,0507,ff00,0102f6ea,1
321,321,0,0,0507,ff00,0102f6ea,0
322,322,0,0,0507,ff00,0102f6ea,0
323,323,0,0,0507,ff00,0102f6ea,0
324,324,0,0,0507,ff00,0102f6ea,0
325,325,0,0,0507,ff00,ff01f4f0,1
326,326,0,0,0507,ff00,ff01f4f0,0
327,327,0,0,0507,ff00,ff01f4f0,0
328,328,0,0,0507,ff00,ff01f4f0,0
329,329,0,0,0507,ff00,ff01f4f0,0
330,330,0,0,0507,ff00,fe02f4e7,1
331,331,0,0,0507,ff00,fe02f4e7,0
332,332,0,0,0507,ff00,fe02f4e7,0
333,333,0,0,0507,ff00,fe02f4e7,0
334,334,0,0,0507,ff00,00fdf2ed,1
335,335,0,0,0507,ff00,00fdf2ed,0
336,336,0,0,0507,ff00,00fdf2ed,0
337,337,0,0,0507,ff00,00fdf2ed,0
338,338,0,0,0507,ff00,00fdf2ed,0
339,339,0,0,0507,ff00,0000f5ea,1
340,340,0,0,0507,ff00,0000f5ea,0
341,341,0,0,0507,ff00,0000f5ea,0
342,342,0,0,0507,ff00,0000f5ea,0
343,343,0,0,0507,ff00,fd00f5ee,1
344,344,0,0,0507,ff00,fd00f5ee,0
345,345,0,0,0507,ff00,fd00f5ee,0
346,346,0,0,0507,ff00,fd00f5ee,0
347,347,0,0,0507,ff00,fd00f5ee,0
348,348,0,0,0507,ff00,fcfdf4ed,1
349,349,0,0,0507,ff00,fcfdf4ed,0
350,350,0,0,0507,ff00,fcfdf4ed,0
351,351,0,0,0507,ff00,fcfdf4ed,0
352,352,0,0,0507,ff00,fe00f5eb,1
353,353,0,0,0507,ff00,fe00f5eb,0
354,354,0,0,0507,ff00,fe00f5eb,0
355,355,0,0,0507,ff00,fe00f5eb,0
356,356,0,0,0507,ff00,fe00f5eb,0
357,357,0,0,0507,ff00,00fff5ea,1
358,358,0,0,0507,ff00,00fff5ea,0
359,359,0,0,0507,ff00,00fff5ea,0
360,360,0,0,0507,ff00,00fff5ea,0
361,361,0,0,0507,ff00,00fff5ea,0
362,362,0,0,0507,ff00,0100f5ef,1
363,363,0,0,0507,ff00,0100f5ef,0
364,364,0,0,0507,ff00,0100f5ef,0
365,365,0,0,0507,ff00,0100f5ef,0
366,366,0,0,0507,ff00,0200f1e8,1
367,367,0,0,0507,ff00,0200f1e8,0
368,368,0,0,0507,ff00,0200f1e8,0
369,369,0,0,0507,ff00,0200f1e8,0
370,370,0,0,0507,ff00,0200f1e8,0
371,371,0,0,0507,ff00,0000f6ed,1
372,372,0,0,0507,ff00,0000f6ed,0
373,373,0,0,0507,ff00,0000f6ed,0
374,374,0,0,0507,ff00,0000f6ed,0
375,375,0,0,0507,ff00,00fef5e9,1
376,376,0,0,0507,ff00,00fef5e9,0
377,377,0,0,0507,ff00,00fef5e9,0
378,378,0,0,0507,ff00,00fef5e9,0
379,379,0,0,0507,ff00,00fef5e9,0
380,380,0,0,0507,ff00,01fff2f1,1
381,381,0,0,0507,ff00,01fff2f1,0
382,382,0,0,0507,ff00,01fff2f1,0
383,383,0,0,0507,ff00,01fff2f1,0
384,384,0,0,0507,ff00,01fff2f1,0
385,385,0,0,0507,ff00,ff06f3ec,1
386,386,0,0,0507,ff00,ff06f3ec,0
387,387,0,0,0507,ff00,ff06f3ec,0
388,388,0,0,0507,ff00,ff06f3ec,0
389,389,0,0,0507,ff00,fffef3ed,1
390,390,0,0,0507,ff00,fffef3ed,0
391,391,0,0,0507,ff00,fffef3ed,0
392,392,0,0,0507,ff00,fffef3ed,0
393,393,0,0,0507,ff00,fffef3ed,0
394,394,0,0,0507,ff00,01fdf5ea,1
395,395,0,0,0507,ff00,01fdf5ea,0
396,396,0,0,0507,ff00,01fdf5ea,0
397,397,0,0,0507,ff00,01fdf5ea,0
398,398,0,0,0507,ff00,03fff3ed,1
399,399,0,0,0507,ff00,03fff3ed,0
400,400,0,0,0507,ff00,03fff3ed,0
401,401,0,0,0507,ff00,03fff3ed,0
402,402,0,0,0507,ff00,03fff3ed,0
403,403,0,1,0508,00ff,02fdf4eb,1
404,404,0,0,0508,00ff,02fdf4eb,0
405,405,0,0,0508,00ff,02fdf4eb,0
406,406,0,0,0508,00ff,02fdf4eb,0
407,407,0,0,0508,00ff,0101f3ee,1
408,408,0,0,0508,00ff,0101f3ee,0
409,409,0,0,0508,00ff,0101f3ee,0
410,410,0,0,0508,00ff,0101f3ee,0
411,411,0,0,0508,00ff,0101f3ee,0
412,412,0,0,0508,00ff,0000f7ed,1
413,413,0,0,0508,00ff,0000f7ed,0
414,414,0,0,0508,00ff,0000f7ed,0
415,415,0,0,0508,00ff,0000f7ed,0
416,416,0,0,0508,00ff,0000f7ed,0
417,417,0,0,0508,00ff,fffdf5f0,1
418,418,0,0,0508,00ff,fffdf5f0,0
419,419,0,0,0508,00ff,fffdf5f0,0
420,420,0,0,0508,00ff,fffdf5f0,0
421,421,0,0,0508,00ff,fe02f2ed,1
422,422,0,0,0508,00ff,fe02f2ed,0
423,423,0,0,0508,00ff,fe02f2ed,0
424,424,0,0,0508,00ff,fe02f2ed,0
425,425,0,0,0508,00ff,fe02f2ed,0
426,426,0,0,0508,00ff,01fff6f0,1
427,427,0,0,0508,00ff,01fff6f0,0
428,428,0,0,0508,00ff,01fff6f0,0
429,429,0,0,0508,00ff,01fff6f0,0
430,430,0,0,0508,00ff,0100f2ee,1
431,431,0,0,0508,00ff,0100f2ee,0
432,432,0,0,0508,00ff,0100f2ee,0
433,433,0,0,0508,00ff,0100f2ee,0
434,434,0,0,0508,00ff,0100f2ee,0
435,435,0,0,0508,00ff,fefff2ee,1
436,436,0,0,0508,00ff,fefff2ee,0
437,437,0,0,0508,00ff,fefff2ee,0
438,438,0,0,0508,00ff,fefff2ee,0
439,439,0,0,0508,00ff,0002f1ea,1
440,440,0,0,0508,00ff,0002f1ea,0
441,441,0,0,0508,00ff,0002f1ea,0
442,442,0,0,0508,00ff,0002f1ea,0
443,443,0,0,0508,00ff,0002f1ea,0
444,444,0,0,0508,00ff,fefff2ec,1
445,445,0,0,0508,00ff,fefff2ec,0
446,446,0,0,0508,00ff,fefff2ec,0
447,447,0,0,0508,00ff,fefff2ec,0
448,448,0,0,0508,00ff,fefff2ec,0
449,449,0,0,0508,00ff,fe03f5eb,1
450,450,0,0,0508,00ff,fe03f5eb,0
451,451,0,0,0508,00ff,fe03f5eb,0
452,452,0,0,0508,00ff,fe03f5eb,0
453,453,0,0,0508,00ff,fb01f5ee,1
454,454,0,0,0508,00ff,fb01f5ee,0
455,455,0,0,0508,00ff,fb01f5ee,0
456,456,0,0,0508,00ff,fb01f5ee,0
457,457,0,0,0508,00ff,fb01f5ee,0
458,458,0,0,0508,00ff,fe02f5e7,1
459,459,0,0,0508,00ff,fe02f5e7,0
460,460,0,0,0508,00ff,fe02f5e7,0
461,461,0,0,0508,00ff,fe02f5e7,0
462,462,0,0,0508,00ff,0000f7ed,1
463,463,0,0,0508,00ff,0000f7ed,0
464,464,0,0,0508,00ff,0000f7ed,0
465,465,0,0,0508,00ff,0000f7ed,0
466,466,0,0,0508,00ff,0000f7ed,0
467,467,0,0,0508,00ff,fe02f3ed,1
468,468,0,0,0508,00ff,fe02f3ed,0
469,469,0,0,0508,00ff,fe02f3ed,0
470,470,0,0,0508,00ff,fe02f3ed,0
471,471,0,0,0508,00ff,fefff0ed,1
472,472,0,0,0508,00ff,fefff0ed,0
473,473,0,0,0508,00ff,fefff0ed,0
474,474,0,0,0508,00ff,fefff0ed,0
475,475,0,0,0508,00ff,fefff0ed,0
476,476,0,0,0508,00ff,03fdf4ee,1
477,477,0,0,0508,00ff,03fdf4ee,0
478,478,0,0,0508,00ff,03fdf4ee,0
479,479,0,0,0508,00ff,03fdf4ee,0
480,480,0,0,0508,00ff,03fdf4ee,0
481,481,0,0,0508,00ff,fc00f5f0,1
482,482,0,0,0508,00ff,fc00f5f0,0
483,483,0,0,0508,00ff,fc00f5f0,0
484,484,0,0,0508,00ff,fc00f5f0,0
485,485,0,0,0508,00ff,fffdf8eb,1
486,486,0,0,0508,00ff,fffdf8eb,0
487,487,0,0,0508,00ff,fffdf8eb,0
488,488,0,0,0508,00ff,fffdf8eb,0
489,489,0,0,0508,00ff,fffdf8eb,0
490,490,0,0,0508,00ff,fffff2ed,1
491,491,0,0,0508,00ff,fffff2ed,0
492,492,0,0,0508,00ff,fffff2ed,0
493,493,0,0,0508,00ff,fffff2ed,0
494,494,0,1,faf7,ffff,fd02f6ec,1
495,495,0,0,faf7,ffff,fd02f6ec,0
496,496,0,0,faf7,ffff,fd02f6ec,0
497,497,0,0,faf7,ffff,fd02f6ec,0
498,498,0,0,faf7,ffff,fd02f6ec,0
499,499,0,0,faf7,ffff,0102f5ec,1
500,500,0,0,faf7,ffff,0102f5ec,0
501,501,0,0,faf7,ffff,0102f5ec,0
502,502,0,0,faf7,ffff,0102f5ec,0
503,503,0,0,faf7,ffff,0102f5ec,0
504,504,0,0,faf7,ffff,fffef5e9,1
505,505,0,0,faf7,ffff,fffef5e9,0
506,506,0,0,faf7,ffff,fffef5e9,0
507,507,0,0,faf7,ffff,fffef5e9,0
508,508,0,0,faf7,ffff,fefff3eb,1
509,509,0,0,faf7,ffff,fefff3eb,0
510,510,0,0,faf7,ffff,fefff3eb,0
511,511,0,0,faf7,ffff,fefff3eb,0
512,512,1,0,faf7,ffff,fefff3eb,0
513,513,0,0,faf7,ffff,fd02f2e9,1
514,514,0,0,faf7,ffff,fd02f2e9,0
515,515,0,0,faf7,ffff,fd02f2e9,0
516,516,0,0,faf7,ffff,fd02f2e9,0
517,517,0,0,faf7,ffff,fc00f3ee,1
518,518,0,0,faf7,ffff,fc00f3ee,0
519,519,0,0,faf7,ffff,fc00f3ee,0
520,520,0,0,faf7,ffff,fc00f3ee,0
521,521,0,0,faf7,ffff,fc00f3ee,0
522,522,0,0,faf7,ffff,0000fae7,1
523,523,0,0,faf7,ffff,0000fae7,0
524,524,0,0,faf7,ffff,0000fae7,0
525,525,0,0,faf7,ffff,0000fae7,0
526,526,0,0,faf7,ffff,fdfff4eb,1
527,527,0,0,faf7,ffff,fdfff4eb,0
528,528,0,0,faf7,ffff,fdfff4eb,0
529,529,0,0,faf7,ffff,fdfff4eb,0
530,530,0,0,faf7,ffff,fdfff4eb,0
531,531,0,0,faf7,ffff,fffdf4f1,1
532,532,0,0,faf7,ffff,fffdf4f1,0
533,533,0,0,faf7,ffff,fffdf4f1,0
534,534,0,0,faf7,ffff,fffdf4f1,0
535,535,0,0,faf7,ffff,fffdf4f1,0
536,536,0,0,faf7,ffff,01fff5ed,1
537,537,0,0,faf7,ffff,01fff5ed,0
538,538,0,0,faf7,ffff,01fff5ed,0
539,539,0,0,faf7,ffff,01fff5ed,0
540,540,0,0,faf7,ffff,fb01f7eb,1
541,541,0,0,faf7,ffff,fb01f7eb,0
542,542,0,0,faf7,ffff,fb01f7eb,0
543,543,0,0,faf7,ffff,fb01f7eb,0
544,544,0,0,faf7,ffff,fb01f7eb,0
545,545,0,0,faf7,ffff,fb00f1ef,1
546,546,0,0,faf7,ffff,fb00f1ef,0
547,547,0,0,faf7,ffff,fb00f1ef,0
548,548,0,0,faf7,ffff,fb00f1ef,0
549,549,0,0,faf7,ffff,fbfdf3eb,1
550,550,0,0,faf7,ffff,fbfdf3eb,0
551,551,0,0,faf7,ffff,fbfdf3eb,0
552,552,0,0,faf7,ffff,fbfdf3eb,0
553,553,0,0,faf7,ffff,fbfdf3eb,0
554,554,0,0,faf7,ffff,fdfef3ea,1
555,555,0,0,faf7,ffff,fdfef3ea,0
556,556,0,0,faf7,ffff,fdfef3ea,0
557,557,0,0,faf7,ffff,fdfef3ea,0
558,558,0,0,faf7,ffff,fffef8ea,1
559,559,0,0,faf7,ffff,fffef8ea,0
560,560,0,0,faf7,ffff,fffef8ea,0
561,561,0,0,faf7,ffff,fffef8ea,0
562,562,0,0,faf7,ffff,fffef8ea,0
563,563,0,0,faf7,ffff,0202f9f0,1
564,564,0,0,faf7,ffff,0202f9f0,0
565,565,0,0,faf7,ffff,0202f9f0,0
566,566,0,0,faf7,ffff,0202f9f0,0
567,567,0,0,faf7,ffff,0202f9f0,0
568,568,0,0,faf7,ffff,fffef6eb,1
569,569,0,0,faf7,ffff,fffef6eb,0
570,570,0,0,faf7,ffff,fffef6eb,0
571,571,0,0,faf7,ffff,fffef6eb,0
572,572,0,0,faf7,ffff,fefdf6ed,1
573,573,0,0,faf7,ffff,fefdf6ed,0
574,574,0,0,faf7,ffff,fefdf6ed,0
575,575,0,0,faf7,ffff,fefdf6ed,0
576,576,0,0,faf7,ffff,fefdf6ed,0
577,577,0,0,faf7,ffff,fd02f5ec,1
578,578,0,0,faf7,ffff,fd02f5ec,0
579,579,0,0,faf7,ffff,fd02f5ec,0
580,580,0,0,faf7,ffff,fd02f5ec,0
581,581,0,0,faf7,ffff,fffef5f2,1
582,582,0,0,faf7,ffff,fffef5f2,0
583,583,0,0,faf7,ffff,fffef5f2,0
584,584,0,0,faf7,ffff,fffef5f2,0
585,585,0,0,faf7,ffff,fffef5f2,0
586,586,0,1,f9f5,ff00,00fcf7ea,1
587,587,0,0,f9f5,ff00,00fcf7ea,0
588,588,0,0,f9f5,ff00,00fcf7ea,0
589,589,0,0,f9f5,ff00,00fcf7ea,0
590,590,0,0,f9f5,ff00,00fcf7ea,0
591,591,0,0,f9f5,ff00,fefff3e8,1
592,592,0,0,f9f5,ff00,fefff3e8,0
593,593,0,0,f9f5,ff00,fefff3e8,0
594,594,0,0,f9f5,ff00,fefff3e8,0
595,595,0,0,f9f5,ff00,fffff7ec,1
596,596,0,0,f9f5,ff00,fffff7ec,0
597,597,0,0,f9f5,ff00,fffff7ec,0
598,598,0,0,f9f5,ff00,fffff7ec,0
599,599,0,0,f9f5,ff00,fffff7ec,0
600,600,0,0,f9f5,ff00,0100f6eb,1
601,601,0,0,f9f5,ff00,0100f6eb,0
602,602,0,0,f9f5,ff00,0100f6eb,0
603,603,0,0,f9f5,ff00,0100f6eb,0
604,604,0,0,f9f5,ff00,02fcf5ed,1
605,605,0,0,f9f5,ff00,02fcf5ed,0
606,606,0,0,f9f5,ff00,02fcf5ed,0
607,607,0,0,f9f5,ff00,02fcf5ed,0
608,608,0,0,f9f5,ff00,02fcf5ed,0
609,609,0,0,f9f5,ff00,fdfff5ed,1
610,610,0,0,f9f5,ff00,fdfff5ed,0
611,611,0,0,f9f5,ff00,fdfff5ed,0
612,612,0,0,f9f5,ff00,fdfff5ed,0
613,613,0,0,f9f5,ff00,fc03f5e6,1
614,614,0,0,f9f5,ff00,fc03f5e6,0
615,615,0,0,f9f5,ff00,fc03f5e6,0
616,616,0,0,f9f5,ff00,fc03f5e6,0
617,617,0,0,f9f5,ff00,fc03f5e6,0
618,618,0,0,f9f5,ff00,00fef4ec,1
619,619,0,0,f9f5,ff00,00fef4ec,0
620,620,0,0,f9f5,ff00,00fef4ec,0
621,621,0,0,f9f5,ff00,00fef4ec,0
622,622,0,0,f9f5,ff00,00fef4ec,0
623,623,0,0,f9f5,ff00,fd00f5ed,1
624,624,0,0,f9f5,ff00,fd00f5ed,0
625,625,0,0,f9f5,ff00,fd00f5ed,0
626,626,0,0,f9f5,ff00,fd00f5ed,0
627,627,0,0,f9f5,ff00,fe00f6ea,1
628,628,0,0,f9f5,ff00,fe00f6ea,0
629,629,0,0,f9f5,ff00,fe00f6ea,0
630,630,0,0,f9f5,ff00,fe00f6ea,0
631,631,0,0,f9f5,ff00,fe00f6ea,0
632,632,0,0,f9f5,ff00,04fd0702,1
633,633,0,0,f9f5,ff00,04fd0702,0
634,634,0,0,f9f5,ff00,04fd0702,0
635,635,0,0,f9f5,ff00,04fd0702,0
636,636,0,0,f9f5,ff00,feff061a,1
637,637,0,0,f9f5,ff00,feff061a,0
638,638,0,0,f9f5,ff00,feff061a,0
639,639,0,0,f9f5,ff00,feff061a,0
640,640,0,0,f9f5,ff00,feff061a,0
641,641,0,0,f9f5,ff00,00000814,1
642,642,0,0,f9f5,ff00,00000814,0
643,643,0,0,f9f5,ff00,00000814,0
644,644,0,0,f9f5,ff00,00000814,0
645,645,0,0,f9f5,ff00,fffe0c15,1
646,646,0,0,f9f5,ff00,fffe0c15,0
647,647,0,0,f9f5,ff00,fffe0c15,0
648,648,0,0,f9f5,ff00,fffe0c15,0
649,649,0,0,f9f5,ff00,fffe0c15,0
650,650,0,0,f9f5,ff00,feff0c12,1
651,651,0,0,f9f5,ff00,feff0c12,0
652,652,0,0,f9f5,ff00,feff0c12,0
653,653,0,0,f9f5,ff00,feff0c12,0
654,654,0,0,f9f5,ff00,feff0c12,0
655,655,0,0,f9f5,ff00,fffe0611,1
656,656,0,0,f9f5,ff00,fffe0611,0
657,657,0,0,f9f5,ff00,fffe0611,0
658,658,0,0,f9f5,ff00,fffe0611,0
659,659,0,0,f9f5,ff00,02010a13,1
660,660,0,0,f9f5,ff00,02010a13,0
661,661,0,0,f9f5,ff00,02010a13,0
662,662,0,0,f9f5,ff00,02010a13,0
663,663,0,0,f9f5,ff00,02010a13,0
664,664,0,0,f9f5,ff00,feff0815,1
665,665,0,0,f9f5,ff00,feff0815,0
666,666,0,0,f9f5,ff00,feff0815,0
667,667,0,0,f9f5,ff00,feff0815,0
668,668,0,0,f9f5,ff00,feff0812,1
669,669,0,0,f9f5,ff00,feff0812,0
670,670,0,0,f9f5,ff00,feff0812,0
671,671,0,0,f9f5,ff00,feff0812,0
672,672,0,0,f9f5,ff00,feff0812,0
673,673,0,0,f9f5,ff00,00000612,1
674,674,0,0,f9f5,ff00,00000612,0
675,675,0,0,f9f5,ff00,00000612,0
676,676,0,0,f9f5,ff00,00000612,0
677,677,0,1,faf6,ff00,fefe0915,1
678,678,0,0,faf6,ff00,fefe0915,0
679,679,0,0,faf6,ff00,fefe0915,0
680,680,0,0,faf6,ff00,fefe0915,0
681,681,0,0,faf6,ff00,fefe0915,0
682,682,0,0,faf6,ff00,fdff0917,1
683,683,0,0,faf6,ff00,fdff0917,0
684,684,0,0,faf6,ff00,fdff0917,0
685,685,0,0,faf6,ff00,fdff0917,0
686,686,0,0,faf6,ff00,fdff0917,0
687,687,0,0,faf6,ff00,fefc0913,1
688,688,0,0,faf6,ff00,fefc0913,0
689,689,0,0,faf6,ff00,fefc0913,0
690,690,0,0,faf6,ff00,fefc0913,0
691,691,0,0,faf6,ff00,00010915,1
692,692,0,0,faf6,ff00,00010915,0
693,693,0,0,faf6,ff00,00010915,0
694,694,0,0,faf6,ff00,00010915,0
695,695,0,0,faf6,ff00,00010915,0
696,696,0,0,faf6,ff00,00010c14,1
697,697,0,0,faf6,ff00,00010c14,0
698,698,0,0,faf6,ff00,00010c14,0
699,699,0,0,faf6,ff00,00010c14,0
700,700,0,0,faf6,ff00,01010815,1
701,701,0,0,faf6,ff00,01010815,0
702,702,0,0,faf6,ff00,01010815,0
703,703,0,0,faf6,ff00,01010815,0
704,704,0,0,faf6,ff00,01010815,0
705,705,0,0,faf6,ff00,ff010b16,1
706,706,0,0,faf6,ff00,ff010b16,0
707,707,0,0,faf6,ff00,ff010b16,0
708,708,0,0,faf6,ff00,ff010b16,0
709,709,0,0,faf6,ff00,ff010b16,0
710,710,0,0,faf6,ff00,fcfc0917,1
711,711,0,0,faf6,ff00,fcfc0917,0
712,712,0,0,faf6,ff00,fcfc0917,0
713,713,0,0,faf6,ff00,fcfc0917,0
714,714,0,0,faf6,ff00,ff010b11,1
715,715,0,0,faf6,ff00,ff010b11,0
716,716,0,0,faf6,ff00,ff010b11,0
717,717,0,0,faf6,ff00,ff010b11,0
718,718,0,0,faf6,ff00,ff010b11,0
719,719,0,0,faf6,ff00,00010c13,1
720,720,0,0,faf6,ff00,00010c13,0
721,721,0,0,faf6,ff00,00010c13,0
722,722,0,0,faf6,ff00,00010c13,0
723,723,0,0,faf6,ff00,fefd0a13,1
724,724,0,0,faf6,ff00,fefd0a13,0
725,725,0,0,faf6,ff00,fefd0a13,0
726,726,0,0,faf6,ff00,fefd0a13,0
727,727,0,0,faf6,ff00,fefd0a13,0
728,728,0,0,faf6,ff00,fffe0b12,1
729,729,0,0,faf6,ff00,fffe0b12,0
730,730,0,0,faf6,ff00,fffe0b12,0
731,731,0,0,faf6,ff00,fffe0b12,0
732,732,0,0,faf6,ff00,ff010a15,1
733,733,0,0,faf6,ff00,ff010a15,0
734,734,0,0,faf6,ff00,ff010a15,0
735,735,0,0,faf6,ff00,ff010a15,0
736,736,0,0,faf6,ff00,ff010a15,0
737,737,0,0,faf6,ff00,fdfc0b16,1
738,738,0,0,faf6,ff00,fdfc0b16,0
739,739,0,0,faf6,ff00,fdfc0b16,0
740,740,0,0,faf6,ff00,fdfc0b16,0
741,741,0,0,faf6,ff00,fdfc0b16,0
742,742,0,0,faf6,ff00,ff000914,1
743,743,0,0,faf6,ff00,ff000914,0
744,744,0,0,faf6,ff00,ff000914,0
745,745,0,0,faf6,ff00,ff000914,0
746,746,0,0,faf6,ff00,01010911,1
747,747,0,0,faf6,ff00,01010911,0
748,748,0,0,faf6,ff00,01010911,0
749,749,0,0,faf6,ff00,01010911,0
750,750,0,0,faf6,ff00,01010911,0
751,751,0,0,faf6,ff00,ff020b12,1
752,752,0,0,faf6,ff00,ff020b12,0
753,753,0,0,faf6,ff00,ff020b12,0
754,754,0,0,faf6,ff00,ff020b12,0
755,755,0,0,faf6,ff00,02000816,1
756,756,0,0,faf6,ff00,02000816,0
757,757,0,0,faf6,ff00,02000816,0
758,758,0,0,faf6,ff00,02000816,0
759,759,0,0,faf6,ff00,02000816,0
760,760,0,0,faf6,ff00,03000c13,1
761,761,0,0,faf6,ff00,03000c13,0
762,762,0,0,faf6,ff00,03000c13,0
763,763,0,0,faf6,ff00,03000c13,0
764,764,0,0,faf6,ff00,ff000917,1
765,765,0,0,faf6,ff00,ff000917,0
766,766,0,0,faf6,ff00,ff000917,0
767,767,0,0,faf6,ff00,ff000917,0
768,768,0,0,faf6,ff00,ff000917,0
769,769,0,1,f9f6,ffff,00fa0912,1
770,770,0,0,f9f6,ffff,00fa0912,0
771,771,0,0,f9f6,ffff,00fa0912,0
772,772,0,0,f9f6,ffff,00fa0912,0
773,773,0,0,f9f6,ffff,00fa0912,0
774,774,0,0,f9f6,ffff,00010a14,1
775,775,0,0,f9f6,ffff,00010a14,0
776,776,0,0,f9f6,ffff,00010a14,0
777,777,0,0,f9f6,ffff,00010a14,0
778,778,0,0,f9f6,ffff,fefc0c10,1
779,779,0,0,f9f6,ffff,fefc0c10,0
780,780,0,0,f9f6,ffff,fefc0c10,0
781,781,0,0,f9f6,ffff,fefc0c10,0
782,782,0,0,f9f6,ffff,fefc0c10,0
783,783,0,0,f9f6,ffff,00ff0a14,1
784,784,0,0,f9f6,ffff,00ff0a14,0
785,785,0,0,f9f6,ffff,00ff0a14,0
786,786,0,0,f9f6,ffff,00ff0a14,0
787,787,0,0,f9f6,ffff,03040716,1
788,788,0,0,f9f6,ffff,03040716,0
789,789,0,0,f9f6,ffff,03040716,0
790,790,0,0,f9f6,ffff,03040716,0
791,791,0,0,f9f6,ffff,03040716,0
792,792,0,0,f9f6,ffff,03fd0716,1
793,793,0,0,f9f6,ffff,03fd0716,0
794,794,0,0,f9f6,ffff,03fd0716,0
795,795,0,0,f9f6,ffff,03fd0716,0
796,796,0,0,f9f6,ffff,01010b14,1
797,797,0,0,f9f6,ffff,01010b14,0
798,798,0,0,f9f6,ffff,01010b14,0
799,799,0,0,f9f6,ffff,01010b14,0
800,800,0,0,f9f6,ffff,01010b14,0
801,801,0,0,f9f6,ffff,02030916,1
802,802,0,0,f9f6,ffff,02030916,0
803,803,0,0,f9f6,ffff,02030916,0
804,804,0,0,f9f6,ffff,02030916,0
805,805,0,0,f9f6,ffff,02030916,0
806,806,0,0,f9f6,ffff,01fc0611,1
807,807,0,0,f9f6,ffff,01fc0611,0
808,808,0,0,f9f6,ffff,01fc0611,0
809,809,0,0,f9f6,ffff,01fc0611,0
810,810,0,0,f9f6,ffff,ff000713,1
811,811,0,0,f9f6,ffff,ff000713,0
812,812,0,0,f9f6,ffff,ff000713,0
813,813,0,0,f9f6,ffff,ff000713,0
814,814,0,0,f9f6,ffff,ff000713,0
815,815,0,0,f9f6,ffff,fd010711,1
816,816,0,0,f9f6,ffff,fd010711,0
817,817,0,0,f9f6,ffff,fd010711,0
818,818,0,0,f9f6,ffff,fd010711,0
819,819,0,0,f9f6,ffff,00fe0a17,1
820,820,0,0,f9f6,ffff,00fe0a17,0
821,821,0,0,f9f6,ffff,00fe0a17,0
822,822,0,0,f9f6,ffff,00fe0a17,0
823,823,0,0,f9f6,ffff,00fe0a17,0
824,824,0,0,f9f6,ffff,00030716,1
825,825,0,0,f9f6,ffff,00030716,0
826,826,0,0,f9f6,ffff,00030716,0
827,827,0,0,f9f6,ffff,00030716,0
828,828,0,0,f9f6,ffff,00030716,0
829,829,0,0,f9f6,ffff,ff000915,1
830,830,0,0,f9f6,ffff,ff000915,0
831,831,0,0,f9f6,ffff,ff000915,0
832,832,0,0,f9f6,ffff,ff000915,0
833,833,0,0,f9f6,ffff,01010814,1
834,834,0,0,f9f6,ffff,01010814,0
835,835,0,0,f9f6,ffff,01010814,0
836,836,0,0,f9f6,ffff,01010814,0
837,837,0,0,f9f6,ffff,01010814,0
838,838,0,0,f9f6,ffff,01010711,1
839,839,0,0,f9f6,ffff,01010711,0
840,840,0,0,f9f6,ffff,01010711,0
841,841,0,0,f9f6,ffff,01010711,0
842,842,0,0,f9f6,ffff,02fe0a13,1
843,843,0,0,f9f6,ffff,02fe0a13,0
844,844,0,0,f9f6,ffff,02fe0a13,0
845,845,0,0,f9f6,ffff,02fe0a13,0
846,846,0,0,f9f6,ffff,02fe0a13,0
847,847,0,0,f9f6,ffff,00010816,1
848,848,0,0,f9f6,ffff,00010816,0
849,849,0,0,f9f6,ffff,00010816,0
850,850,0,0,f9f6,ffff,00010816,0
851,851,0,0,f9f6,ffff,00fe0b13,1
852,852,0,0,f9f6,ffff,00fe0b13,0
853,853,0,0,f9f6,ffff,00fe0b13,0
854,854,0,0,f9f6,ffff,00fe0b13,0
855,855,0,0,f9f6,ffff,00fe0b13,0
856,856,0,0,f9f6,ffff,fffe0918,1
857,857,0,0,f9f6,ffff,fffe0918,0
858,858,0,0,f9f6,ffff,fffe0918,0
859,859,0,0,f9f6,ffff,fffe0918,0
860,860,0,0,f9f6,ffff,fffe0918,0
861,861,0,1,faf5,ffff,fe040a11,1
862,862,0,0,faf5,ffff,fe040a11,0
863,863,0,0,faf5,ffff,fe040a11,0
864,864,0,0,faf5,ffff,fe040a11,0
865,865,0,0,faf5,ffff,01000913,1
866,866,0,0,faf5,ffff,01000913,0
867,867,0,0,faf5,ffff,01000913,0
868,868,0,0,faf5,ffff,01000913,0
869,869,0,0,faf5,ffff,01000913,0
870,870,0,0,faf5,ffff,03010a13,1
871,871,0,0,faf5,ffff,03010a13,0
872,872,0,0,faf5,ffff,03010a13,0
873,873,0,0,faf5,ffff,03010a13,0
874,874,0,0,faf5,ffff,00ff0714,1
875,875,0,0,faf5,ffff,00ff0714,0
876,876,0,0,faf5,ffff,00ff0714,0
877,877,0,0,faf5,ffff,00ff0714,0
878,878,0,0,faf5,ffff,00ff0714,0
879,879,0,0,faf5,ffff,00ff0915,1
880,880,0,0,faf5,ffff,00ff0915,0
881,881,0,0,faf5,ffff,00ff0915,0
882,882,0,0,faf5,ffff,00ff0915,0
883,883,0,0,faf5,ffff,00ff0916,1
884,884,0,0,faf5,ffff,00ff0916,0
885,885,0,0,faf5,ffff,00ff0916,0
886,886,0,0,faf5,ffff,00ff0916,0
887,887,0,0,faf5,ffff,00ff0916,0
888,888,0,0,faf5,ffff,01000b0d,1
889,889,0,0,faf5,ffff,01000b0d,0
890,890,0,0,faf5,ffff,01000b0d,0
891,891,0,0,faf5,ffff,01000b0d,0
892,892,0,0,faf5,ffff,01000b0d,0
893,893,0,0,faf5,ffff,fe000714,1
894,894,0,0,faf5,ffff,fe000714,0
895,895,0,0,faf5,ffff,fe000714,0
896,896,0,0,faf5,ffff,fe000714,0
897,897,0,0,faf5,ffff,00ff0914,1
898,898,0,0,faf5,ffff,00ff0914,0
899,899,0,0,faf5,ffff,00ff0914,0
900,900,0,0,faf5,ffff,00ff0914,0
901,901,0,0,faf5,ffff,00ff0914,0
902,902,0,0,faf5,ffff,01000914,1
903,903,0,0,faf5,ffff,01000914,0
904,904,0,0,faf5,ffff,01000914,0
905,905,0,0,faf5,ffff,01000914,0
906,906,0,0,faf5,ffff,02000816,1
907,907,0,0,faf5,ffff,02000816,0
908,908,0,0,faf5,ffff,02000816,0
909,909,0,0,faf5,ffff,02000816,0
910,910,0,0,faf5,ffff,02000816,0
911,911,0,0,faf5,ffff,00ff0617,1
912,912,0,0,faf5,ffff,00ff0617,0
913,913,0,0,faf5,ffff,00ff0617,0
914,914,0,0,faf5,ffff,00ff0617,0
915,915,0,0,faf5,ffff,00ff0617,0
916,916,0,0,faf5,ffff,01000714,1
917,917,0,0,faf5,ffff,01000714,0
918,918,0,0,faf5,ffff,01000714,0
919,919,0,0,faf5,ffff,01000714,0
920,920,0,0,faf5,ffff,ffff0914,1
921,921,0,0,faf5,ffff,ffff0914,0
922,922,0,0,faf5,ffff,ffff0914,0
923,923,0,0,faf5,ffff,ffff0914,0
924,924,0,0,faf5,ffff,ffff0914,0
925,925,0,0,faf5,ffff,fd000b13,1
926,926,0,0,faf5,ffff,fd000b13,0
927,927,0,0,faf5,ffff,fd000b13,0
928,928,0,0,faf5,ffff,fd000b13,0
929,929,0,0,faf5,ffff,fffe051a,1
930,930,0,0,faf5,ffff,fffe051a,0
931,931,0,0,faf5,ffff,fffe051a,0
932,932,0,0,faf5,ffff,fffe051a,0
933,933,0,0,faf5,ffff,fffe051a,0
934,934,0,0,faf5,ffff,00050917,1
935,935,0,0,faf5,ffff,00050917,0
936,936,0,0,faf5,ffff,00050917,0
937,937,0,0,faf5,ffff,00050917,0
938,938,0,0,faf5,ffff,01ff0816,1
939,939,0,0,faf5,ffff,01ff0816,0
940,940,0,0,faf5,ffff,01ff0816,0
941,941,0,0,faf5,ffff,01ff0816,0
942,942,0,0,faf5,ffff,01ff0816,0
943,943,0,0,faf5,ffff,00000914,1
944,944,0,0,faf5,ffff,00000914,0
945,945,0,0,faf5,ffff,00000914,0
946,946,0,0,faf5,ffff,00000914,0
947,947,0,0,faf5,ffff,00000914,0
948,948,0,0,faf5,ffff,00030814,1
949,949,0,0,faf5,ffff,00030814,0
950,950,0,0,faf5,ffff,00030814,0
951,951,0,0,faf5,ffff,00030814,0
952,952,0,1,fbf6,ffff,03fe0a14,1
953,953,0,0,fbf6,ffff,03fe0a14,0
954,954,0,0,fbf6,ffff,03fe0a14,0
955,955,0,0,fbf6,ffff,03fe0a14,0
956,956,0,0,fbf6,ffff,03fe0a14,0
957,957,0,0,fbf6,ffff,ff020913,1
958,958,0,0,fbf6,ffff,ff020913,0
959,959,0,0,fbf6,ffff,ff020913,0
960,960,0,0,fbf6,ffff,ff020913,0
961,961,0,0,fbf6,ffff,02010d13,1
962,962,0,0,fbf6,ffff,02010d13,0
963,963,0,0,fbf6,ffff,02010d13,0
964,964,0,0,fbf6,ffff,02010d13,0
965,965,0,0,fbf6,ffff,02010d13,0
966,966,0,0,fbf6,ffff,00000814,1
967,967,0,0,fbf6,ffff,00000814,0
968,968,0,0,fbf6,ffff,00000814,0
969,969,0,0,fbf6,ffff,00000814,0
970,970,0,0,fbf6,ffff,fe020914,1
971,971,0,0,fbf6,ffff,fe020914,0
972,972,0,0,fbf6,ffff,fe020914,0
973,973,0,0,fbf6,ffff,fe020914,0
974,974,0,0,fbf6,ffff,fe020914,0
975,975,0,0,fbf6,ffff,fe010a12,1
976,976,0,0,fbf6,ffff,fe010a12,0
977,977,0,0,fbf6,ffff,fe010a12,0
978,978,0,0,fbf6,ffff,fe010a12,0
979,979,0,0,fbf6,ffff,fe010a12,0
980,980,0,0,fbf6,ffff,ff000a12,1
981,981,0,0,fbf6,ffff,ff000a12,0
982,982,0,0,fbf6,ffff,ff000a12,0
983,983,0,0,fbf6,ffff,ff000a12,0
984,984,0,0,fbf6,ffff,02020a17,1
985,985,0,0,fbf6,ffff,02020a17,0
986,986,0,0,fbf6,ffff,02020a17,0
987,987,0,0,fbf6,ffff,02020a17,0
988,988,0,0,fbf6,ffff,02020a17,0
989,989,0,0,fbf6,ffff,02030b13,1
990,990,0,0,fbf6,ffff,02030b13,0
991,991,0,0,fbf6,ffff,02030b13,0
992,992,0,0,fbf6,ffff,02030b13,0
993,993,0,0,fbf6,ffff,fe000714,1
994,994,0,0,fbf6,ffff,fe000714,0
995,995,0,0,fbf6,ffff,fe000714,0
996,996,0,0,fbf6,ffff,fe000714,0
997,997,0,0,fbf6,ffff,fe000714,0
998,998,0,0,fbf6,ffff,00020911,1
999,999,0,0,fbf6,ffff,00020911,0
1000,1000,0,0,fbf6,ffff,00020911,0
1001,1001,0,0,fbf6,ffff,00020911,0
1002,1002,0,0,fbf6,ffff,01050716,1
1003,1003,0,0,fbf6,ffff,01050716,0
1004,1004,0,0,fbf6,ffff,01050716,0
1005,1005,0,0,fbf6,ffff,01050716,0
1006,1006,0,0,fbf6,ffff,01050716,0
1007,1007,0,0,fbf6,ffff,02000913,1
1008,1008,0,0,fbf6,ffff,02000913,0
1009,1009,0,0,fbf6,ffff,02000913,0
1010,1010,0,0,fbf6,ffff,02000913,0
1011,1011,0,0,fbf6,ffff,02000913,0
1012,1012,0,0,fbf6,ffff,03fc0c16,1
1013,1013,0,0,fbf6,ffff,03fc0c16,0
1014,1014,0,0,fbf6,ffff,03fc0c16,0
1015,1015,0,0,fbf6,ffff,03fc0c16,0
1016,1016,0,0,fbf6,ffff,fd000a15,1
1017,1017,0,0,fbf6,ffff,fd000a15,0
1018,1018,0,0,fbf6,ffff,fd000a15,0
1019,1019,0,0,fbf6,ffff,fd000a15,0
1020,1020,0,0,fbf6,ffff,fd000a15,0
1021,1021,0,0,fbf6,ffff,ff010914,1
1022,1022,0,0,fbf6,ffff,ff010914,0
1023,1023,0,0,fbf6,ffff,ff010914,0
